{"episode_rewards": [-127.67061790762315, -148.48822116818874, -136.9535656253922, -149.29041293408133, -146.2782813522287, -119.20781354953886, -87.66735347847668, -133.4225054261534, -122.14946403891591, -113.23759900670274, -128.54052692866944, -91.28616779295243, -122.19964147203582, -156.4987517345749, -119.26244132835983, -53.259625407263144, -86.74698527169684, -115.60279302259192, -93.22023096737531, -87.18114635417798, -158.52627363988094, -211.63901532127, -114.82275980693775, -117.63354258277732, -137.0429398116755, -129.1425763030693, -127.18356404554046, -117.04122284201244, -138.43933425046723, -112.75093832793395, -157.46326360438604, -130.78770902045562, -126.53783994330489, -121.95981225670793, -135.5330055099649, -111.82671735974336, -288.47373206221994, -72.44569392898046, -137.6427628916997, -124.05499308851904, -139.52263357803926, -142.69409143585213, -110.98090265671861, -93.767535699485, -132.7655879831939, -139.46508457486715, -126.68142082026274, -72.2995135023521, -134.78757496757163, -132.5861900702041, -123.70406249981734, -111.76354998772865, -115.95385042758626, -100.58153588750474, -157.89913318319512, -119.37432074138643, -171.28845174036505, -144.48329538330043], "episode_types": ["t", "t", "t", "t", "t", "t", "t", "t", "t", "t", "t", "t", "t", "t", "t", "t", "t", "t", "t", "t", "t", "t", "t", "t", "t", "t", "t", "t", "t", "t", "t", "t", "t", "t", "t", "t", "t", "t", "t", "t", "t", "t", "t", "t", "t", "t", "t", "t", "t", "t", "t", "t", "t", "t", "t", "t", "t", "t", "t"], "initial_reset_timestamp": 1509828738.998946, "episode_lengths": [1000, 1000, 1000, 1000, 1000, 1000, 1000, 1000, 1000, 1000, 1000, 1000, 1000, 225, 1000, 495, 393, 1000, 1000, 1000, 1000, 981, 1000, 1000, 1000, 1000, 1000, 1000, 1000, 1000, 257, 1000, 1000, 1000, 1000, 1000, 190, 1000, 1000, 1000, 1000, 398, 1000, 1000, 1000, 1000, 1000, 1000, 1000, 1000, 1000, 1000, 1000, 1000, 1000, 1000, 1000, 1000], "timestamps": [1509828751.928848, 1509828765.26334, 1509828768.10704, 1509828769.84432, 1509828772.328611, 1509828774.716861, 1509828777.236126, 1509828778.953061, 1509828791.189701, 1509828793.271421, 1509828795.910589, 1509828797.406412, 1509828799.74663, 1509828799.865854, 1509828801.442456, 1509828802.473724, 1509828802.9642, 1509828805.775345, 1509828807.76825, 1509828809.186642, 1509828811.395297, 1509828813.114013, 1509828814.986932, 1509828816.808179, 1509828818.989785, 1509828820.488775, 1509828822.604869, 1509828835.752151, 1509828838.042824, 1509828840.243574, 1509828840.3756, 1509828842.410345, 1509828844.064184, 1509828845.781614, 1509828847.753716, 1509828850.285159, 1509828850.381724, 1509828852.541214, 1509828854.324636, 1509828856.211714, 1509828858.349417, 1509828858.636896, 1509828861.385828, 1509828863.052088, 1509828865.201625, 1509828866.906937, 1509828869.254632, 1509828871.314677, 1509828872.839239, 1509828875.035894, 1509828877.689139, 1509828881.68651, 1509828884.405631, 1509828886.975685, 1509828888.632481, 1509828890.048886, 1509828892.419872, 1509828894.190341]}